Model,Best_Epoch,Best_Val_Loss,Test_Loss,Test_MAE_Output1,Test_MAE_Output2,Test_R2_Output1,Test_R2_Output2
Advanced_GCN,3,1.0522634585698445,1.03105362256368,0.921502,0.763859,-0.09295964,-0.007192731
Advanced_MPNN,34,1.0504721800486247,0.985933244228363,0.8965382,0.7660501,-0.040094137,-0.00070905685
